Gene1,Gene2,Scaffold,PILOT_100X_D14,PILOT_500X_D14,PILOT_PCR500X_D14
ACTL6A,NONTARGETING,Modified6,-1.7929229356461711,-2.41232338435851,-2.061227469112212
ACTR6,NONTARGETING,Modified6,-0.9206548844161884,-1.0279526687972678,-1.159360825300943
ADAM2,KIF2B,Modified6,-0.7954323261105043,-0.7541286706439949,-0.7132813545205124
ALYREF,NONTARGETING,Modified6,-2.9555361415255117,-2.333496382889978,-2.251985978128551
ANAPC4,NONTARGETING,Modified6,-1.3608194424102809,-1.6246198002891963,-1.1593176142135206
ANAPC5,NONTARGETING,Modified6,-5.051053492138125,-3.153345264783054,-3.199339206018327
ANKRD30A,DEFB123,Modified6,0.3674253940120652,0.555350069824556,0.43379861200718617
ANTXRL,TSPY1,Modified6,1.1863830820871593,1.0449285915210638,1.100152505837365
AP2S1,INTERGENIC,Modified6,-0.45892392732061904,-0.8647595907017152,-1.096048294789797
ARCN1,NONTARGETING,Modified6,-1.4430667557340322,-1.056544330895775,-1.445596420109993
ASB17,OPALIN,Modified6,0.6897605531796738,0.41605618239536307,0.48627819221346386
ATP6V0D1,NONTARGETING,Modified6,-2.131737332416598,-1.6511124771886743,-2.3043582790164474
ATP6V1G3,IL3,Modified6,0.562670435222625,0.8401891958029153,0.782956478106401
BIRC8,CSN2,Modified6,0.877167223086635,0.5798584762879941,0.8339655823181913
BMP10,LYZL2,Modified6,0.7475052823771884,0.8493223004065652,0.7330734591945788
BOP1,NONTARGETING,Modified6,-1.7243147489131219,-1.710324681851565,-1.8583596898258197
BPIFC,SSX3,Modified6,0.40632095114300937,0.20113146358764808,0.3339994094614523
BRIX1,NONTARGETING,Modified6,-0.7994489193610274,-0.6501915588948542,-0.6509120715363275
BSND,CDCP2,Modified6,0.5588384760544767,0.5115678619881284,0.3192116232800322
C12orf40,NMS,Modified6,0.14638166587283874,0.21528402968802446,0.16772607686536198
C1orf146,TFAP2D,Modified6,0.2012509803014978,0.3293221411718809,0.6766932132142089
CACNG2,IFNW1,Modified6,0.634979025684564,0.6859800679931798,0.6631515779577191
CACNG3,TRIM49,Modified6,0.3667418689925421,0.33248715232381637,0.05638628004816263
CATSPER4,DRGX,Modified6,0.20862986465757877,0.28318913000235985,0.14933134491193112
CCDC172,DMRTB1,Modified6,-0.02921775522577867,0.17781870404279582,-0.05811717288995272
CCL1,CSN3,Modified6,-0.09325916885426815,0.049697831413314825,0.3019325022811277
CCNK,INTERGENIC,Modified6,-1.7874964745021549,-2.0196408866186952,-1.7472501605465682
CCT3,NONTARGETING,Modified6,-2.868329613420132,-2.767940833668111,-3.02847593959195
CCT4,NONTARGETING,Modified6,-2.433886991077324,-2.79015846134563,-2.0497962041846485
CCT6A,NONTARGETING,Modified6,-1.0958351860193636,-1.5121373236983828,-1.9758817381966267
CCT7,NONTARGETING,Modified6,-2.081881874332351,-2.658353294348839,-2.7131368090544337
CCT8,INTERGENIC,Modified6,-1.5153251253166848,-1.9897537855247887,-1.8696655330104868
CDC40,NONTARGETING,Modified6,-1.1692539325905145,-0.9097615793871926,-0.8931055829673128
CDC5L,NONTARGETING,Modified6,-2.3931701957109093,-2.5837866482985614,-3.226441485490887
CDCP2,BSND,Modified6,0.2632815916344884,0.3693062882808164,0.40779397691813735
CHMP2A,NONTARGETING,Modified6,-0.3672096881780911,-0.44053157058097275,-0.599676069617441
COPA,NONTARGETING,Modified6,-3.0774422340542253,-3.2588994714257318,-2.9755334853419546
COPB1,NONTARGETING,Modified6,-3.0486746182843065,-2.584090378688794,-2.5793436526328666
COPB2,NONTARGETING,Modified6,-2.1394801039864735,-2.1207872512844936,-1.8551830775549953
COPE,NONTARGETING,Modified6,-1.9853696138672694,-1.9749584255637507,-2.370825638955784
COPS4,INTERGENIC,Modified6,-1.8576661866335518,-1.7539300659406756,-1.280365028090337
COPS6,NONTARGETING,Modified6,-1.0033934131342415,-1.3735443992547027,-1.1136438805262068
COPS8,NONTARGETING,Modified6,-1.0167978456247828,-0.6840422498775637,-0.9250279877986276
COPZ1,INTERGENIC,Modified6,-1.7985687269216877,-1.982850882403514,-1.7051474478877515
COX10,NONTARGETING,Modified6,-0.08254466152351532,-0.1258061215194139,-0.18985079727711646
CPSF2,NONTARGETING,Modified6,-1.6839119556013489,-1.897065146381843,-3.723361729248442
CPSF3,NONTARGETING,Modified6,-1.6711257874645729,-2.250019469330742,-1.899490518977273
CSE1L,NONTARGETING,Modified6,-2.3115976203061392,-2.2822304387165127,-2.3688371533386303
CSH1,FRMD7,Modified6,-0.7271567936774396,-0.4756311609101563,-0.2005879819426415
CSHL1,KRTAP10-9,Modified6,0.21497732040118223,0.04575091339185881,0.160763591103398
CSN2,BIRC8,Modified6,0.5045874443820162,0.2855665736369424,0.6549508197157856
CSN3,CCL1,Modified6,0.6777518088230692,0.5032727758539408,0.5778363910388998
CST4,INSL5,Modified6,0.528604584201847,0.7216478403983032,0.5360674785325703
CSTL1,NANOGNB,Modified6,-0.4329071907568044,-0.21762967082782175,-0.05306237584143786
DAZL,TMEM225,Modified6,0.789379034530257,0.9743196821362977,0.860102187733475
DCAF8L1,WFDC9,Modified6,0.2957177527753455,0.546379062984729,0.4225771177872164
DDB1,NONTARGETING,Modified6,-1.564786834783268,-1.847415275994969,-2.04746571263189
DDX18,NONTARGETING,Modified6,-2.228438459925863,-1.4250744525372179,-2.5797976069569875
DDX21,INTERGENIC,Modified6,-1.8751926204626908,-1.9580991953306088,-1.9096072844642524
DDX4,EGR4,Modified6,-0.02935887621405285,-0.03490526433191805,-0.16282234856795397
DDX46,INTERGENIC,Modified6,-1.4328506880754168,-1.4603580608196607,-0.8942349969276291
DDX54,INTERGENIC,Modified6,-1.8727125607907227,-1.8773580908116698,-2.2524059780178276
DEFB104A,KRTAP9-2,Modified6,0.5323381480778331,0.43408687751040503,0.4215580356171532
DEFB123,ANKRD30A,Modified6,0.04124295254293556,0.3357006682533324,0.2221676637401258
DEFB129,TRIM48,Modified6,0.055446236708813094,0.14644461958903124,-0.04963567262511513
DKC1,NONTARGETING,Modified6,-1.2975519773214992,-1.3652515347323448,-1.5867721246298339
DMRTB1,CCDC172,Modified6,0.5293136670710854,0.413097511371952,0.4004938960337703
DMRTC2,TRIM43,Modified6,0.28163932081033594,0.13612896659485696,0.34961729710067546
DRGX,CATSPER4,Modified6,0.13091749982149908,0.2088520016614578,-0.12081138718397914
DYNC1H1,INTERGENIC,Modified6,-3.5239818325381673,-2.3814322954430596,-3.2091921751398864
DYNC1I2,NONTARGETING,Modified6,-2.4727156307128437,-2.547007096358232,-2.802501654881296
EEF2,NONTARGETING,Modified6,-1.801519776893271,-2.4024624208881367,-2.7929383775801107
EFCAB3,SAGE1,Modified6,0.11927354939532002,0.1739136957581674,0.22247966363790356
EGR4,DDX4,Modified6,-0.13211148653853017,-0.13373417935853882,-0.07467709996029132
EIF2B2,NONTARGETING,Modified6,-2.349743288066028,-2.4689971823796224,-2.854402175329315
EIF2B3,NONTARGETING,Modified6,-2.2402249842957134,-2.297545172763183,-2.5307333590560153
EIF2B4,NONTARGETING,Modified6,-3.5888240518277046,-3.4951278158518218,-3.521749499862395
EIF2S2,INTERGENIC,Modified6,-1.5141293827129128,-1.2450706314681999,-1.130596594926771
EIF3A,INTERGENIC,Modified6,-1.7961995445075496,-2.27310593193687,-1.5704155427999376
EIF3B,INTERGENIC,Modified6,-1.636128135454801,-1.6365210948988425,-2.0578333070232278
EIF3C,NONTARGETING,Modified6,-1.518455890823473,-1.5849417223836797,-2.046222943152912
EIF3D,NONTARGETING,Modified6,-1.9259109380678079,-1.627260139302375,-1.9357395217076028
EIF3F,INTERGENIC,Modified6,-1.4992677711240117,-1.5888036504918628,-1.5239841571486
EIF3G,INTERGENIC,Modified6,-2.1662665526318063,-2.1863645186946927,-2.3740974213524257
EIF3H,NONTARGETING,Modified6,-0.6981168040215581,-0.6242901851012045,-1.1016386246303607
EIF3I,INTERGENIC,Modified6,-2.3648453463231345,-2.1798424603451023,-2.2842180664545735
EIF4A3,NONTARGETING,Modified6,-1.7695307001093377,-1.632848174398472,-1.6002622117228948
EIF4E,NONTARGETING,Modified6,-1.5562436675313407,-1.4553979148175111,-2.3355449940736968
EIF5B,INTERGENIC,Modified6,-1.8268279505916163,-1.639931035250128,-1.8859511605107389
EIF6,NONTARGETING,Modified6,-1.5767382833666357,-1.6974680369631543,-2.083606939239636
ERH,INTERGENIC,Modified6,-2.7874234283098076,-2.829413040799513,-2.4730672946216146
ETF1,NONTARGETING,Modified6,-1.7973124349898442,-1.4714475025975458,-1.5822945185803672
F9,MEP1A,Modified6,0.012566302868344342,0.05401062204907267,0.19836871180541416
FAM47B,PRB1,Modified6,0.5755195739294342,0.6000018353790761,0.0036984780170519482
FDPS,NONTARGETING,Modified6,-0.2526344202102135,-0.1894549978944961,-0.3318356334041764
FEZF1,RNASE12,Modified6,0.7351152576189163,0.7018497542885745,0.6381211010298082
FNDC7,HCRTR2,Modified6,0.1682403737128715,0.0886235450806085,0.18154516109646213
FRMD7,CSH1,Modified6,-0.3577558824875332,-0.4182487860923605,-0.5025099628327032
FTSJ3,NONTARGETING,Modified6,-2.815297758630922,-2.4521377736991368,-2.2366113622067223
GABPA,INTERGENIC,Modified6,-0.5058523050886924,-0.4918769198014389,-0.6465101043661986
GAR1,NONTARGETING,Modified6,-0.22910790732264727,-0.2594773776614593,-0.29208129303293123
GEMIN2,NONTARGETING,Modified6,-1.968242539233259,-1.531230193597373,-1.5070516201206807
GHSR,PRSS55,Modified6,0.6240876487681051,0.62335947092883,0.49918632746696656
GKN2,IFNK,Modified6,0.10497601059400467,0.1774412134123984,0.30221368825229084
GLRA1,PRAMEF7,Modified6,0.34578922559940317,0.4964055555522908,0.544063443211584
GLRA2,KRTAP10-8,Modified6,0.779028922004068,0.6916970071927522,0.5409108829368454
GML,KRTAP13-3,Modified6,0.4667657819104085,0.44234950923147637,0.3720934847204793
GNL3,NONTARGETING,Modified6,-1.4888530519899774,-1.4654357570441887,-1.8949571874502555
GSTA5,KRTAP13-2,Modified6,0.6118034370252701,0.533359935573304,0.6344438016892049
GTF3C4,NONTARGETING,Modified6,-0.7520581374102986,-1.5252010398987044,-1.6261770923827665
HAUS1,NONTARGETING,Modified6,-1.6827956084626658,-1.352725995747236,-0.9310487993508724
HAUS7,NONTARGETING,Modified6,-1.0204162346272942,-1.0002907105105752,-1.289254053489913
HCRTR2,FNDC7,Modified6,-0.1427088476191297,-0.13027208921864167,-0.36783893414472146
HEATR1,NONTARGETING,Modified6,-1.5542987929787924,-1.5319073092383464,-2.1392068820140318
HNRNPC,NONTARGETING,Modified6,-0.9860441966080363,-1.3125359361477407,-1.6173373481319342
HNRNPK,NONTARGETING,Modified6,-4.241154440490282,-3.538974856804935,-4.734329729439551
HNRNPL,NONTARGETING,Modified6,-0.3364196136295642,-0.42219935505915945,-0.5560112784020943
HNRNPM,NONTARGETING,Modified6,-0.1762593383620835,-0.8062386937675388,-0.6159811940568964
HNRNPU,NONTARGETING,Modified6,-1.5286197785065332,-1.4255663359001458,-1.484053302414785
HOXD12,HTR3C,Modified6,0.057859817497483285,0.18372759601941996,0.2871598627090382
HSFY1,INS,Modified6,0.34799588256096275,0.30177699915086165,0.6240423312058518
HSPA9,NONTARGETING,Modified6,-2.4545473028687876,-2.3353080045150607,-2.414620250781992
HSPE1,NONTARGETING,Modified6,-3.921543959978566,-3.3464234915331588,-4.031856655022076
HTR1A,PIWIL3,Modified6,0.34979006734023255,0.2757008503333736,0.48758523925224784
HTR3C,HOXD12,Modified6,0.13367286483927976,0.060617325914652694,-0.02479890277742
IARS2,NONTARGETING,Modified6,-0.13486035640279298,-0.07581506081157491,-0.1988752260433132
IFNA16,RBPJL,Modified6,0.5033426670466389,0.6006565479641395,0.5968848072171604
IFNA21,PDCL2,Modified6,0.10435333687994158,0.3772834139200995,0.2705349561732041
IFNA4,S100G,Modified6,0.39202148610430876,0.42224557504741406,0.500756476250264
IFNA5,PRAMEF2,Modified6,1.5595039484398754,1.1946953300553356,1.1153622838819253
IFNK,GKN2,Modified6,0.685025991993477,0.5279342132292938,0.45456037747817046
IFNW1,CACNG2,Modified6,0.6157961919427741,0.639815130965682,0.8375367943688714
IL3,ATP6V1G3,Modified6,0.2703531608371854,0.36769394032935776,0.18373680860063052
IL36B,XKR7,Modified6,0.6314263046404347,0.4907421883135691,0.4380074331503572
IMP4,INTERGENIC,Modified6,-1.0998841299334738,-1.4888669447797465,-1.6032338751617332
INCENP,NONTARGETING,Modified6,-0.9694308974172723,-0.931809803513483,-1.2080664550635751
INS,HSFY1,Modified6,0.21993497293231104,0.5461785506254871,0.45605051965717197
INSL5,CST4,Modified6,0.0586089015206106,-0.026047794623155845,0.2255902563744508
INTERGENIC,AP2S1,Modified6,-1.1129346916522866,-1.4578247706438288,-1.2019535371651027
INTERGENIC,CCNK,Modified6,-2.2649405766540127,-2.2821911405874467,-3.1458118384542098
INTERGENIC,CCT8,Modified6,-2.3705045421582636,-1.7174671590407637,-1.4667492066063696
INTERGENIC,COPS4,Modified6,-0.9455090943658229,-1.353413014656114,-1.54202873677934
INTERGENIC,COPZ1,Modified6,-2.2676050246059654,-1.9494592186083164,-2.420032470363981
INTERGENIC,DDX21,Modified6,-1.8310661884579045,-1.8617107658678922,-2.3078929897245892
INTERGENIC,DDX46,Modified6,-3.095198084484117,-1.7974330665629168,-2.1148310647560664
INTERGENIC,DDX54,Modified6,-2.3608277615058224,-2.5379544762814406,-2.3774010162326724
INTERGENIC,DYNC1H1,Modified6,-2.2191104752436965,-2.820262286826487,-2.7715462893315803
INTERGENIC,EIF2S2,Modified6,-1.08363444209683,-0.8151225244339511,-0.9989109472942054
INTERGENIC,EIF3A,Modified6,-1.6639842882441416,-1.6165188310050276,-1.5830217758206393
INTERGENIC,EIF3B,Modified6,-0.4985718500801713,-1.0822508261673716,-0.7085743560578861
INTERGENIC,EIF3F,Modified6,-1.177246177855029,-1.4532969972525682,-2.1327367341190633
INTERGENIC,EIF3G,Modified6,-2.253830325151615,-2.250324458183886,-3.5226706298476302
INTERGENIC,EIF3I,Modified6,-1.3659083763190742,-1.7008502131144274,-1.8427684118391203
INTERGENIC,EIF5B,Modified6,-1.0062637977588453,-0.6645802122756369,-0.9427291275960382
INTERGENIC,ERH,Modified6,-2.640014823918154,-2.918710202734199,-3.39245577545726
INTERGENIC,GABPA,Modified6,-0.439561584234717,-0.23689770774366284,-0.5177728483014068
INTERGENIC,IMP4,Modified6,-0.8943988263471859,-1.2605130553787647,-1.8560388190126738
INTERGENIC,INTERGENIC,Modified6,0.5925247784448248,0.6086071087466317,0.5632875926113556
INTERGENIC,KPNB1,Modified6,-1.9756694173611633,-1.789810739351012,-2.0015458252158647
INTERGENIC,NUP205,Modified6,-0.8192251449258243,-0.46988353747318634,-0.3294580285380027
INTERGENIC,PFN1,Modified6,-0.9022560091860453,-0.7537695411386454,-0.8624840308950749
INTERGENIC,PSMA4,Modified6,-2.5462929095147206,-2.4366386801165536,-2.8127051056622627
INTERGENIC,PSMB3,Modified6,-2.796742671726091,-3.2528072009395954,-2.7059498225683654
INTERGENIC,PSMC2,Modified6,-2.0326889296539057,-1.5897336555183954,-1.945846722703952
INTERGENIC,RBMX,Modified6,-3.827100393085241,-2.7459085178368787,-3.0177308773904734
INTERGENIC,RPL24,Modified6,-1.2299575039787465,-1.127961860623895,-1.5108032801982958
INTERGENIC,RPL37A,Modified6,-1.732887998988058,-1.7812031843033187,-1.7509200616390146
INTERGENIC,RPL38,Modified6,-1.7262762225434596,-1.3963487855580639,-1.6252494288022699
INTERGENIC,RPL4,Modified6,-4.803745127190157,-2.955593747204159,-3.3547007891959773
INTERGENIC,RPL6,Modified6,-1.6755412419603222,-1.4029078633331407,-1.4021783803005634
INTERGENIC,RPS12,Modified6,-0.9016895258799357,-1.2469247179049092,-1.1916349325380697
INTERGENIC,RPS14,Modified6,-1.471470369224803,-1.3613185410261117,-1.3137492320700743
INTERGENIC,RPS20,Modified6,-2.7890556933774167,-2.9425899738921237,-3.1929194049865766
INTERGENIC,RPS3,Modified6,-0.5136226046544878,-1.1486506735302173,-0.8827047722932558
INTERGENIC,RPS7,Modified6,-2.093708920337868,-1.9457833195137688,-2.546719127062012
INTERGENIC,RPS8,Modified6,-4.945268257379564,-4.509979265888099,-4.687099868359058
INTERGENIC,RPS9,Modified6,-2.1884743740603243,-2.156246020513246,-1.807456200565023
INTERGENIC,RTF1,Modified6,-0.7161255390414367,-0.6006109515072402,-0.536642013698889
INTERGENIC,SF3B5,Modified6,-2.9448847314828273,-3.5473445377286517,-3.918453900747047
INTERGENIC,SNRNP27,Modified6,-1.5202659678101282,-1.215067160650655,-1.1732651992251903
INTERGENIC,SRBD1,Modified6,-2.120063580778838,-1.869994200067179,-1.603826028688423
INTERGENIC,TCERG1,Modified6,-0.21877028888992894,0.22898003791500615,0.1621148514280732
INTERGENIC,UBB,Modified6,-4.05339061791965e-05,0.18116150053349012,0.10048396937785292
INTERGENIC,USP39,Modified6,-2.1208805201873777,-2.836222914162976,-3.124907693668547
INTERGENIC,ZC3H18,Modified6,0.34284462453601877,0.1856626817480386,0.04484272522138
INTS9,NONTARGETING,Modified6,-3.523976594842334,-3.427596088289059,-3.7788962632889618
ISCU,NONTARGETING,Modified6,-2.11025648423496,-2.1330158692864227,-3.3540591388424428
KIF2B,ADAM2,Modified6,0.3716763086548679,0.23473134554549807,0.16812871445337796
KPNB1,INTERGENIC,Modified6,-2.1651920037699566,-1.8482462980645593,-1.9958985537001133
KRT33A,MS4A13,Modified6,0.7813842957741415,0.7308369386052084,0.4976893189524285
KRTAP10-10,KRTAP10-2,Modified6,0.964288549221781,0.7705235672858042,0.5581600642821578
KRTAP10-2,KRTAP10-10,Modified6,-0.2580704397868669,-0.060699393573059535,-0.3082572517621786
KRTAP10-4,TAS2R43,Modified6,0.6435264848042067,0.8439036360705954,0.690474720045945
KRTAP10-6,KRTAP4-4,Modified6,-0.21743313320407637,-0.09260903041271498,-0.17280901351045042
KRTAP10-8,GLRA2,Modified6,0.48774403222252033,0.6648808395793411,0.621537981393409
KRTAP10-9,CSHL1,Modified6,0.23130361692602125,0.313708640495759,-0.03410030131093461
KRTAP13-2,GSTA5,Modified6,0.7013263268921985,0.6198013860056265,0.4117830357680336
KRTAP13-3,GML,Modified6,0.31015230371284286,0.17390622637010666,0.16798698462531964
KRTAP19-3,STATH,Modified6,0.10801232553596522,-0.11692214439568724,-0.10524849194739253
KRTAP23-1,LHX5,Modified6,0.10221620250508032,0.03027259292851313,0.2308055315738131
KRTAP4-12,TGIF2LY,Modified6,0.14335017320470053,0.31486813861287105,0.08655804099685942
KRTAP4-4,KRTAP10-6,Modified6,0.7855995309992134,0.543973621129928,0.4127671723071628
KRTAP9-2,DEFB104A,Modified6,0.1802022844441053,0.09387182478669041,0.12337389699786289
LARS2,NONTARGETING,Modified6,-0.03834876146161459,-0.17584832528922173,-0.6048661610122192
LHX5,KRTAP23-1,Modified6,0.17695124164021167,0.39890952721500594,0.38905210892885306
LIN28A,WFDC11,Modified6,0.2355780069628075,0.5640478171180637,0.4604933801437274
LSM4,NONTARGETING,Modified6,-2.447674067105056,-2.3374129483262926,-3.274789656825963
LSM6,NONTARGETING,Modified6,-2.384300814600763,-2.868152970402564,-3.5081862940724147
LUC7L3,NONTARGETING,Modified6,-3.2937893271078282,-2.2461754176775406,-2.7208262403545986
LYZL2,BMP10,Modified6,0.36563758829639814,0.3448649946150249,0.7724640987726836
MED14,NONTARGETING,Modified6,-1.54346565731982,-1.7132363575242213,-1.8743519669437176
MED30,NONTARGETING,Modified6,-3.0452757883457995,-3.5658958722121614,-3.8977294581763147
MEP1A,F9,Modified6,0.043963845528699544,0.3108559835261788,0.26294617931876935
MEPE,PDE6H,Modified6,0.7752267665865582,0.8613845948647729,1.0420308132179992
MRGPRD,ZIM3,Modified6,0.6049894909339347,0.4266470688979254,0.4704541200320742
MRGPRX1,RFX6,Modified6,0.18582093331489294,0.3082827800501279,0.3151932587866221
MS4A13,KRT33A,Modified6,0.065203420484443,0.2970516030574765,0.38240667262932615
MTFMT,NONTARGETING,Modified6,-0.652396285547804,-0.7612721004487351,-1.0435682425856314
MTNR1B,POTED,Modified6,0.5740998742376966,0.5105258938955656,0.5234064409735109
NAA10,NONTARGETING,Modified6,-0.9230139437482575,-1.1171978041483661,-1.2008281676760475
NAA38,NONTARGETING,Modified6,-0.16431791467113654,-0.08610514246739231,-0.20333725576533057
NANOGNB,CSTL1,Modified6,0.19531006881524088,0.3336043527560354,0.14101471844735664
NAPA,NONTARGETING,Modified6,-1.4565238455406078,-1.4406335063221487,-1.6935203637449638
NAPG,NONTARGETING,Modified6,-0.21214406444679595,-0.5273123429019578,-0.5303734152692402
NCBP1,NONTARGETING,Modified6,-1.6347301449043161,-1.4406890964827421,-1.9117883766345523
NEDD8,NONTARGETING,Modified6,-2.2386269722431953,-1.9636464736832941,-2.1414322431009007
NLRP4,PRAMEF1,Modified6,0.5659106910182761,0.43137676910142453,0.27495925728995385
NMS,C12orf40,Modified6,0.24261507952259298,0.6142848370834415,0.41227627259945315
NONTARGETING,ACTL6A,Modified6,-1.7589652232963893,-2.1638260956065647,-2.2002492007588486
NONTARGETING,ACTR6,Modified6,-0.7023741256566084,-1.099574307080045,-1.6511564022026888
NONTARGETING,ALYREF,Modified6,-1.6382162963738556,-1.5779192125393373,-2.220629287127917
NONTARGETING,ANAPC4,Modified6,-1.3582991830249338,-1.030775106758435,-1.305149942105297
NONTARGETING,ANAPC5,Modified6,-3.890511044762243,-2.892949052990253,-2.9563861715442696
NONTARGETING,ARCN1,Modified6,-1.5773133118518645,-1.6847816664965238,-1.446190440655607
NONTARGETING,ATP6V0D1,Modified6,-1.9335191783507,-1.756106146224564,-2.526580875667057
NONTARGETING,BOP1,Modified6,-2.0603587367786096,-2.055924333935708,-2.0259563278533803
NONTARGETING,BRIX1,Modified6,-1.0769646193738216,-0.9955910521585896,-1.0570252714663035
NONTARGETING,CCT3,Modified6,-2.71189384780027,-2.370776469103195,-3.247673244698587
NONTARGETING,CCT4,Modified6,-2.323274135269775,-2.1593419224629735,-1.9361032312010429
NONTARGETING,CCT6A,Modified6,-1.1157864313950832,-1.3347120887294222,-1.7245567716226118
NONTARGETING,CCT7,Modified6,-2.937115170557209,-3.1648510345002165,-3.445592135770946
NONTARGETING,CDC40,Modified6,-1.1169838804118566,-0.9230104305133338,-0.8218020977367215
NONTARGETING,CDC5L,Modified6,-2.5026603679386117,-2.726839402732105,-3.775734456686645
NONTARGETING,CHMP2A,Modified6,-2.880983387188562,-3.318463856337476,-3.157476087905832
NONTARGETING,COPA,Modified6,-3.5828264346690806,-3.1317213432897475,-3.3530162021990804
NONTARGETING,COPB1,Modified6,-2.6894386368994585,-2.9173852076407725,-3.4032715825892454
NONTARGETING,COPB2,Modified6,-1.7641301914715175,-1.93133578600645,-2.1502694672124454
NONTARGETING,COPE,Modified6,-2.3672354936770184,-2.391505236854804,-2.481989417151159
NONTARGETING,COPS6,Modified6,-1.1248800397976748,-1.1961019338903827,-1.3964586739273614
NONTARGETING,COPS8,Modified6,-1.9788587237929114,-1.6618145175423644,-1.9301046678966227
NONTARGETING,COX10,Modified6,0.08780977933798689,0.10012372208733666,0.07117479102163764
NONTARGETING,CPSF2,Modified6,-1.5936918426781919,-2.4288052458279252,-2.4351289237948452
NONTARGETING,CPSF3,Modified6,-1.8475326019200295,-2.1622853567305045,-1.86752833249525
NONTARGETING,CSE1L,Modified6,-2.048096916977091,-2.1785653117811528,-1.9761656739153926
NONTARGETING,DDB1,Modified6,-2.4436697396117446,-2.618996174710717,-2.737662052729582
NONTARGETING,DDX18,Modified6,-1.2532066064031886,-1.218194949430883,-1.2375407505156848
NONTARGETING,DKC1,Modified6,-1.2340000433677143,-1.446886795033313,-2.535568343378358
NONTARGETING,DYNC1I2,Modified6,-2.455080890294343,-2.5547620056711606,-2.648945779384995
NONTARGETING,EEF2,Modified6,-4.1147308416237625,-3.3022896973633875,-4.655213054396635
NONTARGETING,EIF2B2,Modified6,-2.2058997954962356,-1.8445926217041784,-2.3798749355874933
NONTARGETING,EIF2B3,Modified6,-3.3285530797043528,-2.4581806766484333,-3.3938590283088965
NONTARGETING,EIF2B4,Modified6,-3.1982776126151906,-3.3101151569691827,-3.202810135107637
NONTARGETING,EIF3C,Modified6,-2.154077532068545,-1.6135237717268751,-1.9915548061301096
NONTARGETING,EIF3D,Modified6,-2.011929819782128,-1.9407687851641946,-2.5425462700640593
NONTARGETING,EIF3H,Modified6,-1.047847544427648,-0.8582022571471388,-0.5263680204448704
NONTARGETING,EIF4A3,Modified6,-2.156294983806659,-1.998341223714582,-1.9949691018145694
NONTARGETING,EIF4E,Modified6,-1.1923736804293368,-1.2797901629912736,-1.8564456759259893
NONTARGETING,EIF6,Modified6,-1.2640507813560773,-2.0421938207546946,-1.6655171223947987
NONTARGETING,ETF1,Modified6,-2.3176725389041684,-1.8496423869929388,-1.7706003508445463
NONTARGETING,FDPS,Modified6,-0.05915888719353157,-0.3073623112662086,-0.2869335167471121
NONTARGETING,FTSJ3,Modified6,-2.4635501860097726,-2.314441689659246,-2.720357188879876
NONTARGETING,GAR1,Modified6,-0.13425517446263038,0.07185915394123608,-0.0717881404393208
NONTARGETING,GEMIN2,Modified6,-0.42857941719651926,-0.3010207532462651,-0.45630805664458557
NONTARGETING,GNL3,Modified6,-2.25509643780972,-2.6648855936154074,-3.0926060209308095
NONTARGETING,GTF3C4,Modified6,-0.7113371382567357,-0.9289815445929999,-0.8696548526940433
NONTARGETING,HAUS1,Modified6,-2.5259598631854057,-2.036056417007625,-2.611359791759554
NONTARGETING,HAUS7,Modified6,-0.9020861790497314,-1.283105508322186,-0.9047064464859957
NONTARGETING,HEATR1,Modified6,-1.6436240259766404,-1.8630905017555355,-2.038764115339233
NONTARGETING,HNRNPC,Modified6,-1.5418853952478067,-1.506186048808956,-2.030690426079099
NONTARGETING,HNRNPK,Modified6,-3.702367407577377,-3.5761210421263163,-3.5159737575988226
NONTARGETING,HNRNPL,Modified6,-0.35809679748602674,-1.09402590646195,-0.7791001051535718
NONTARGETING,HNRNPM,Modified6,-0.5527864374315588,-0.7774692910506763,-0.5516151507042911
NONTARGETING,HNRNPU,Modified6,-1.233050280053025,-1.6113340734714148,-1.68403986265043
NONTARGETING,HSPA9,Modified6,-0.9653625819305549,-1.7315109963157367,-2.018578179281012
NONTARGETING,HSPE1,Modified6,-3.181960232780515,-3.231780841947721,-3.2374941677109526
NONTARGETING,IARS2,Modified6,0.3378897459710055,0.32373069441250857,0.28081948748309254
NONTARGETING,INCENP,Modified6,-1.923671508064622,-1.72988954951269,-2.0008201952911353
NONTARGETING,INTS9,Modified6,-3.3279288999045615,-3.005385367177266,-3.2066816979489694
NONTARGETING,ISCU,Modified6,-1.6833670155140166,-2.426130596691724,-2.2183961601727025
NONTARGETING,LARS2,Modified6,-0.19179684424491714,-0.2892191867804911,-0.2260376935662439
NONTARGETING,LSM4,Modified6,-2.348824456115507,-2.443728390222585,-1.963794140577377
NONTARGETING,LSM6,Modified6,-3.695709417962576,-2.663683535179926,-3.2945652490546187
NONTARGETING,LUC7L3,Modified6,-1.7428585442786173,-1.7882199394308673,-2.0959866608548965
NONTARGETING,MED14,Modified6,-2.2764815463444665,-2.0046935638576255,-1.6862336716171642
NONTARGETING,MED30,Modified6,-3.1208226072059344,-3.7316658958824647,-3.8634356175059024
NONTARGETING,MTFMT,Modified6,0.054833059044473886,0.03548743854378785,0.040908958164528705
NONTARGETING,NAA10,Modified6,-1.1932836362415176,-1.5030323568008719,-2.15044103313269
NONTARGETING,NAA38,Modified6,-0.20233032718168725,0.09578669839798531,0.03309591945079954
NONTARGETING,NAPA,Modified6,-2.7928130304148358,-1.9737039981157105,-1.5521463901504065
NONTARGETING,NAPG,Modified6,0.27529153848202625,-0.024846482809613768,0.18047387938604498
NONTARGETING,NCBP1,Modified6,-0.9706345265271852,-1.4917792550084732,-1.136486592438758
NONTARGETING,NEDD8,Modified6,-2.3818737882687686,-2.0413067581706565,-2.050654724743659
NONTARGETING,NONTARGETING,Modified6,0.7482120798329869,0.804755953140237,0.7796918882528934
NONTARGETING,NUDT21,Modified6,-1.5180010400671429,-2.469617669232879,-2.131624425431431
NONTARGETING,NUP133,Modified6,-0.021935287860928243,0.07436667888721224,0.1758400105243158
NONTARGETING,NUP54,Modified6,0.028092355075941322,-0.1474490740481502,-0.08632694649475958
NONTARGETING,NUTF2,Modified6,-2.188033386621452,-1.9946553479399103,-2.038627745511173
NONTARGETING,NXF1,Modified6,-2.9599891549557498,-1.5709499601626238,-2.1236634375028975
NONTARGETING,OPA1,Modified6,0.21132126001491636,0.18382030800362026,0.02677173131894228
NONTARGETING,PABPN1,Modified6,-1.7295788520515203,-1.0834888375126477,-1.2941106971215424
NONTARGETING,PAFAH1B1,Modified6,-3.0058898090312693,-2.4102244240015365,-2.907776157336336
NONTARGETING,PCBP2,Modified6,-2.274881169524709,-2.2078534048002485,-1.7601061663841922
NONTARGETING,PFDN2,Modified6,-2.3497481576506187,-2.411745236276257,-2.7830386165829846
NONTARGETING,PHB,Modified6,-1.3811052347798074,-1.9028354894661303,-2.6841791810314293
NONTARGETING,PHB2,Modified6,-3.1544214438256115,-2.312926925659423,-2.436797841648711
NONTARGETING,PHF5A,Modified6,-3.9161656098040236,-2.8539918090636736,-2.873624752901796
NONTARGETING,PLAGL2,Modified6,0.16694252591150965,0.15481750953103673,0.36061057087631804
NONTARGETING,POLR1B,Modified6,-2.0159109346877955,-2.3227334863887212,-3.4979204829978325
NONTARGETING,POLR2D,Modified6,-2.027521651065542,-2.385664135584537,-3.0757548935106223
NONTARGETING,POLR2F,Modified6,-2.6672250678866503,-2.748459874315152,-3.2801577554881005
NONTARGETING,POLR2I,Modified6,-3.527550109791551,-3.184010737018352,-3.834587689838073
NONTARGETING,POP5,Modified6,-1.861655401930169,-1.7286125528009086,-2.1987701289803114
NONTARGETING,PREB,Modified6,-0.9250993772341587,-0.6060012582083357,-0.5362558431847457
NONTARGETING,PRPF18,Modified6,-0.42496086937751276,-0.3177266033550355,-0.6657026755143949
NONTARGETING,PRPF19,Modified6,-2.6561805792647766,-3.2246389564245614,-3.3497402344662683
NONTARGETING,PRPF31,Modified6,-2.75057878236203,-2.3572975183438967,-3.6392679250958326
NONTARGETING,PRPF38A,Modified6,-3.399804090556673,-2.8163079120232486,-2.8399970853995415
NONTARGETING,PSMA1,Modified6,-2.7406199676430294,-2.446365364815289,-2.6338908813032837
NONTARGETING,PSMA2,Modified6,-2.2633550523498793,-2.409548793844447,-3.0189626424253424
NONTARGETING,PSMA3,Modified6,-3.264210364858089,-2.5133848589804257,-2.431920626771932
NONTARGETING,PSMB2,Modified6,-2.1840700609691144,-2.5750946947728144,-2.9058785046204427
NONTARGETING,PSMB5,Modified6,-2.898129248124493,-2.849616437551015,-2.8525090339690156
NONTARGETING,PSMB6,Modified6,-2.6930775678294103,-1.7600615297754292,-2.5088227799442566
NONTARGETING,PSMC1,Modified6,-3.00597791985311,-3.1458626570660355,-3.298575887784703
NONTARGETING,PSMC3,Modified6,-2.288517888165054,-1.888518075343879,-1.932788032273288
NONTARGETING,PSMC4,Modified6,-2.2931895854932938,-2.3034859851126313,-1.6124501665912332
NONTARGETING,PSMD1,Modified6,-1.713379678008717,-1.1874786266961237,-1.249292924700223
NONTARGETING,PSMD12,Modified6,-0.24168826516862374,-0.048593724865066246,0.09404436950920492
NONTARGETING,PSMD13,Modified6,-1.0039367439893994,-0.7566740481873344,-0.4268177942145239
NONTARGETING,PSMD2,Modified6,-2.960875119072033,-2.459329951155052,-3.3308602660939703
NONTARGETING,PSMD4,Modified6,-1.8694091309911856,-1.7422742018852753,-1.9904039648406895
NONTARGETING,PSMD7,Modified6,-2.224083381540744,-2.5109963087234544,-2.9268026743917472
NONTARGETING,RAN,Modified6,-3.6746658514615502,-3.2499509918536917,-3.5451954688290304
NONTARGETING,RBM14,Modified6,-1.9312002846095333,-2.352321724456166,-2.8225885399955173
NONTARGETING,RBM17,Modified6,-1.4496588980714231,-1.281985072019822,-2.158052254271594
NONTARGETING,RBM22,Modified6,-2.9765118310759755,-2.0070128108386798,-1.8864977271638437
NONTARGETING,RBM25,Modified6,-3.5605387364865746,-3.0426519893702597,-2.956478204318133
NONTARGETING,RPA1,Modified6,-2.0427378922140838,-2.3245400296170198,-3.395892101393687
NONTARGETING,RPA2,Modified6,-2.4130512179694388,-2.3845002344998525,-2.232790802386789
NONTARGETING,RPL10A,Modified6,-4.045283423016263,-3.1977088987788784,-3.6706094203466337
NONTARGETING,RPL11,Modified6,-2.75949736253998,-2.6593771140540516,-2.5398659297564627
NONTARGETING,RPL12,Modified6,-1.0640343416941727,-1.6945638400553593,-1.8377571199493319
NONTARGETING,RPL13,Modified6,-3.645134700096184,-3.1669520778680598,-3.0895523522827837
NONTARGETING,RPL13A,Modified6,-3.605212325575731,-2.5753482428934906,-2.642086037919082
NONTARGETING,RPL14,Modified6,-2.6744286263852284,-2.408273069443857,-2.4919034163962697
NONTARGETING,RPL18,Modified6,-3.229482023874671,-2.522118191623405,-2.6327123349887227
NONTARGETING,RPL18A,Modified6,-2.4763340655147585,-2.1948967127754733,-2.508700710146304
NONTARGETING,RPL19,Modified6,-2.5045635092881744,-2.423501281378658,-1.9870781901290933
NONTARGETING,RPL23A,Modified6,-2.228936510214458,-2.0049783862181454,-1.9821295811118886
NONTARGETING,RPL26,Modified6,-2.7599886175194066,-2.6576672889744986,-2.9282138141956335
NONTARGETING,RPL27,Modified6,-2.7567498704119346,-2.219550321157189,-2.0296865334222587
NONTARGETING,RPL3,Modified6,-1.7331236939725043,-2.493411624233873,-1.8885494432458052
NONTARGETING,RPL30,Modified6,-2.4713096946299578,-2.7023244145518603,-2.9743352582134173
NONTARGETING,RPL31,Modified6,-1.7210198447866802,-2.2338857397037257,-2.337914075232734
NONTARGETING,RPL32,Modified6,-3.7596622640987976,-2.994902138620903,-3.1482534423964115
NONTARGETING,RPL34,Modified6,-2.1265202053009857,-2.578173181214331,-2.054165346139122
NONTARGETING,RPL35,Modified6,-1.0168982961713804,-0.9570087114466559,-0.9930848551259157
NONTARGETING,RPL35A,Modified6,-2.3139128230772386,-1.9409219489192875,-1.8733250764040865
NONTARGETING,RPL36,Modified6,-5.52828142601577,-5.161237030471432,-4.461914560977034
NONTARGETING,RPL37,Modified6,-1.3982904150052942,-0.9980347943750764,-2.4662403959244976
NONTARGETING,RPL7,Modified6,-2.187961034670007,-2.1047477648199244,-2.4948200769814957
NONTARGETING,RPL7A,Modified6,-2.5680047121961804,-2.1805206111989826,-2.842078070126207
NONTARGETING,RPLP0,Modified6,-2.4944976057099373,-2.0336723951667457,-2.8770624124956052
NONTARGETING,RPLP2,Modified6,-1.7977898507679524,-1.709306346966305,-1.6106341839060043
NONTARGETING,RPN2,Modified6,-0.7546894544466334,-0.5231506576003656,-0.9142176175072719
NONTARGETING,RPP38,Modified6,-0.8485227650948206,-1.2856624842176105,-1.352391855028395
NONTARGETING,RPP40,Modified6,-0.6804687510184494,-1.0997951016390277,-0.8183380294580935
NONTARGETING,RPS11,Modified6,-2.9788741027272234,-2.673800999940792,-3.1881797097867732
NONTARGETING,RPS13,Modified6,-2.226429111215253,-2.534401785898222,-2.503652614414075
NONTARGETING,RPS15,Modified6,-2.7129260827696937,-2.739215519220499,-3.2149922166079827
NONTARGETING,RPS15A,Modified6,-1.5836739966551003,-1.4511442101832555,-1.4675540745525686
NONTARGETING,RPS18,Modified6,-1.8965450650540703,-1.946704768210219,-2.535116246321474
NONTARGETING,RPS19,Modified6,-1.9990559846216922,-2.3593837987730626,-2.948031645686272
NONTARGETING,RPS24,Modified6,0.77693503709168,0.8196549340881579,0.8436223377357148
NONTARGETING,RPS25,Modified6,-1.3631672587823953,-1.4278701682600925,-1.7337304401618412
NONTARGETING,RPS27A,Modified6,-3.5599028762901206,-3.695033768512869,-3.403965141279466
NONTARGETING,RPS4X,Modified6,-2.706593260140174,-2.255622955973333,-2.350273545254013
NONTARGETING,RPS5,Modified6,-2.537657683931573,-2.0626151063999774,-2.904885697325268
NONTARGETING,RPS6,Modified6,-2.6196917992024082,-2.9717652664471217,-3.044419239295597
NONTARGETING,RPSA,Modified6,-2.61991127747185,-2.697096426517596,-2.5451320673460396
NONTARGETING,RRM1,Modified6,-2.8772789832882886,-3.050525433961299,-3.071017284690262
NONTARGETING,RUVBL1,Modified6,-1.9840452126683852,-2.0206470896165403,-1.765726325258639
NONTARGETING,RUVBL2,Modified6,-2.131731057776442,-1.6811381078715053,-1.858205222809144
NONTARGETING,SDAD1,Modified6,-1.397477562193426,-1.7476480955208822,-1.6253260804310377
NONTARGETING,SF3A1,Modified6,-2.347861539750297,-2.9349217758810866,-2.570291991998677
NONTARGETING,SF3A2,Modified6,-2.230158923727833,-2.4437796023955225,-1.894815632592682
NONTARGETING,SF3B2,Modified6,-2.68571652178212,-2.541658766333857,-2.6987635157729546
NONTARGETING,SF3B3,Modified6,-1.8784803798394392,-1.7524192667704583,-2.342699133389073
NONTARGETING,SF3B4,Modified6,-2.573577968798795,-1.8006231793354632,-2.1098988337880664
NONTARGETING,SMC3,Modified6,-1.9808591953219936,-1.5395096245608513,-2.2915290966867294
NONTARGETING,SNRNP200,Modified6,-1.6496766155015201,-1.490595415133477,-2.0302227396962484
NONTARGETING,SNRPB,Modified6,-0.7863574080811906,-1.0337426465486752,-1.0020532599999519
NONTARGETING,SNRPD1,Modified6,-3.6710032708936295,-3.0327023055401856,-2.720467073100758
NONTARGETING,SNRPD2,Modified6,-3.4061799296647726,-2.530708804463197,-2.814682872820632
NONTARGETING,SNW1,Modified6,-1.321242482468721,-1.2388242273727659,-1.2987763049795342
NONTARGETING,SON,Modified6,-0.5988291086366692,-0.4351299475348459,0.09954201672262175
NONTARGETING,SRCAP,Modified6,-2.6373499183060365,-2.574380716480154,-2.9002462118298165
NONTARGETING,SRFBP1,Modified6,-0.5153587841571341,-0.7290827949453673,-0.49801856513863896
NONTARGETING,SRRT,Modified6,-1.5481050359430446,-1.2589941407099956,-1.4975550036718097
NONTARGETING,SRSF1,Modified6,-2.8220819928159475,-2.514895002928661,-3.137098027905215
NONTARGETING,SUPT5H,Modified6,-1.6023150281812337,-1.1593129964755344,-1.37978288501795
NONTARGETING,SUPT6H,Modified6,-1.9165863959439022,-1.47210940998596,-1.5041586134054994
NONTARGETING,SUPV3L1,Modified6,-0.973106605807347,-1.0240112822634,-1.176994909433848
NONTARGETING,TBCE,Modified6,-0.17886650031340492,0.17299581236622105,-0.15322280266323487
NONTARGETING,TFIP11,Modified6,-0.6170956766069098,-0.30083516166730223,-0.320362861311753
NONTARGETING,TIMM10,Modified6,-1.2527229469294336,-1.2086930024594515,-0.9267127688206575
NONTARGETING,TOMM40,Modified6,-1.2457006876224015,-1.0284537920214298,-0.8425378684406757
NONTARGETING,TSEN2,Modified6,-0.5518353861759983,-0.2824138127864545,-0.2529041111165494
NONTARGETING,TUBA1B,Modified6,-2.0104065765332004,-1.8195347614789488,-1.9950139364789408
NONTARGETING,TUBB,Modified6,-1.028100451962518,-0.3029706363228122,-0.2179385714806576
NONTARGETING,TUBGCP2,Modified6,-2.1016722706449413,-1.8219433421791633,-1.8898377576300827
NONTARGETING,U2AF2,Modified6,-1.9124878072516358,-2.0587194471126256,-3.1314253185046574
NONTARGETING,UBA1,Modified6,-2.775263673264508,-3.3267583524030164,-3.8200011251621566
NONTARGETING,VCP,Modified6,-3.2318397781833736,-3.44296559944872,-3.493605698659202
NONTARGETING,WDR12,Modified6,-1.4126744054404188,-1.2003899835875411,-1.5112826841014166
NONTARGETING,WDR33,Modified6,-1.5355072718751528,-1.6857034365244856,-1.6088108077476397
NONTARGETING,XAB2,Modified6,-2.586952399464071,-2.1516134019339916,-2.4330238975047016
NONTARGETING,YY1,Modified6,-0.920858022895013,-0.9515595131456954,-0.9606404977377447
NONTARGETING,ZNF207,Modified6,-1.233681009004702,-1.2093773339483558,-1.373719854483739
NPHS2,SLC39A12,Modified6,0.6949326096211077,0.7099365944137757,0.6821027060444367
NUDT21,NONTARGETING,Modified6,-2.926426331326989,-2.516562113048259,-2.738643111104006
NUP133,NONTARGETING,Modified6,-2.077596174240925,-1.5131278287313703,-1.4167868878579868
NUP205,INTERGENIC,Modified6,-0.3249787144695376,-0.3712565763323503,-0.3398556405652231
NUP54,NONTARGETING,Modified6,-0.031323140279025996,0.10822178294810744,-0.03247851434277327
NUTF2,NONTARGETING,Modified6,-2.837068712423782,-2.1543631646387036,-1.8709960070211225
NXF1,NONTARGETING,Modified6,-1.923786449491246,-1.6904488022217066,-2.041962433995749
OPA1,NONTARGETING,Modified6,0.32529015247560505,0.19568241066445904,0.3747354989980498
OPALIN,ASB17,Modified6,0.4408680331187727,0.3094936556844263,-0.09988974655288038
PABPN1,NONTARGETING,Modified6,-1.1364892224474132,-1.0404183650299466,-1.3286983933662655
PAFAH1B1,NONTARGETING,Modified6,-3.671791610805519,-3.6126668133617192,-5.471571389534352
PANX3,RPE65,Modified6,0.7026541165577039,0.8261735703734732,0.7544816330756565
PAX1,RHOXF2,Modified6,0.22108904613828545,0.4154989007504768,0.28009575988573726
PCBP2,NONTARGETING,Modified6,-2.126176967424577,-2.731945670896104,-2.4700449526032653
PDCL2,IFNA21,Modified6,0.15657583212632428,0.34542995713701,0.24864703948926278
PDE6H,MEPE,Modified6,0.5293309959336552,0.45447700202071867,0.4570313570524326
PFDN2,NONTARGETING,Modified6,-2.2730050173435736,-2.657291099632968,-2.9097256553282254
PFN1,INTERGENIC,Modified6,0.2357608284419764,0.34676995362954854,0.22286626320607344
PHB,NONTARGETING,Modified6,-2.0704897764291075,-1.7078403313051747,-2.1464199133671085
PHB2,NONTARGETING,Modified6,-3.2086171589592083,-2.9085132356579075,-3.114410622754294
PHF5A,NONTARGETING,Modified6,-3.5550783668216956,-3.1352770972654382,-3.3809390678811733
PIWIL3,HTR1A,Modified6,-0.26497600392004195,0.22385378904703718,0.08915303794386983
PLAGL2,NONTARGETING,Modified6,0.17856341700598466,0.2923343541701192,0.16261969460397788
POLR1B,NONTARGETING,Modified6,-1.2208961968610268,-1.6598235062002025,-1.9214363732655
POLR2D,NONTARGETING,Modified6,-2.7370865226361563,-2.556325641632342,-3.1180873112383107
POLR2F,NONTARGETING,Modified6,-1.8535886305935976,-2.6955950675847413,-2.4206637131133677
POLR2I,NONTARGETING,Modified6,-2.7308418351544175,-2.80672460596522,-3.7701991613536894
POP5,NONTARGETING,Modified6,-1.702238135246804,-2.1821256582695185,-2.032549279415898
POTED,MTNR1B,Modified6,0.05925981651984155,0.11626819054652876,0.4155629879970276
POU3F4,TAS2R50,Modified6,0.7282755032591128,0.8694378443806541,0.7286391292404439
PRAMEF1,NLRP4,Modified6,0.33514001909161895,0.19113433868904803,0.2799397864307115
PRAMEF2,IFNA5,Modified6,0.6051782980889764,0.6081670044970617,0.6430048117066214
PRAMEF7,GLRA1,Modified6,0.7002184464730841,0.5649471673486263,0.5398974073621587
PRB1,FAM47B,Modified6,0.33473911647467974,0.42275970532713125,0.37417660292147825
PRB4,TAS2R42,Modified6,1.0416739841578997,0.9669120717891306,0.859288969080616
PREB,NONTARGETING,Modified6,-0.46216660719010644,-0.4426197468618447,-0.5992951031980892
PRPF18,NONTARGETING,Modified6,-0.7121099908699956,-0.7986784959943743,-0.8227401156163965
PRPF19,NONTARGETING,Modified6,-3.1401831757811856,-2.752474723760847,-2.967748825787904
PRPF31,NONTARGETING,Modified6,-2.4528844319643346,-2.508372409961698,-2.1504086416512145
PRPF38A,NONTARGETING,Modified6,-2.6721088208685506,-2.762506368380625,-2.5241823554137763
PRSS55,GHSR,Modified6,-1.0618746093918685,-1.0799607402024627,-1.9223246380036398
PSMA1,NONTARGETING,Modified6,-3.615018735340156,-2.9668950285675475,-3.0566752513585866
PSMA2,NONTARGETING,Modified6,-2.1182392946373394,-1.6854767616514241,-2.145148664652238
PSMA3,NONTARGETING,Modified6,-2.9138206219796716,-2.9033462893477395,-3.660258064395623
PSMA4,INTERGENIC,Modified6,-1.9308214053039556,-2.1831802554335638,-3.152173391869164
PSMB2,NONTARGETING,Modified6,-1.8433353647035813,-2.145678531067998,-1.8185368158914585
PSMB3,INTERGENIC,Modified6,-3.5698067904094737,-3.4092864780366954,-3.4012753264942717
PSMB5,NONTARGETING,Modified6,-3.396086190372295,-3.25786365925768,-3.545465724852893
PSMB6,NONTARGETING,Modified6,-2.672731646912874,-2.665403941451083,-2.3551950184814157
PSMC1,NONTARGETING,Modified6,-2.4102009850669273,-2.425609643186898,-3.050700686771104
PSMC2,INTERGENIC,Modified6,-1.7734126240580483,-1.928548459893321,-2.3515063241263676
PSMC3,NONTARGETING,Modified6,-1.7235798240568854,-1.6920461814401206,-1.9271918296272843
PSMC4,NONTARGETING,Modified6,-2.080042251201002,-1.7877806429022898,-2.287225973104811
PSMD1,NONTARGETING,Modified6,-1.6074920939653992,-1.7023202071412076,-1.776032994032011
PSMD12,NONTARGETING,Modified6,-0.8186243163276519,-0.8855040801151725,-1.405607382746065
PSMD13,NONTARGETING,Modified6,-0.8901158649122091,-0.811865588309205,-1.0083078609491094
PSMD2,NONTARGETING,Modified6,-2.5277304362315074,-2.190178284573002,-3.077370405564724
PSMD4,NONTARGETING,Modified6,-1.8679137714286358,-2.050505539717578,-1.4786834760737917
PSMD7,NONTARGETING,Modified6,-3.052859519027728,-2.416441667248872,-2.840708359911183
RAN,NONTARGETING,Modified6,-5.224526154600877,-5.1844838590400615,-4.334571819843022
RBM14,NONTARGETING,Modified6,-1.471729676352452,-1.755401191609617,-2.083335365415659
RBM17,NONTARGETING,Modified6,-0.9307523854097297,-1.1317481577870785,-1.10094426498669
RBM22,NONTARGETING,Modified6,-1.215258058798979,-1.714206298079151,-1.6227735298772705
RBM25,NONTARGETING,Modified6,-2.234065374156357,-2.454524646966351,-2.3232464752926925
RBMX,INTERGENIC,Modified6,-2.6065295901402186,-2.61344817344215,-2.480383837846437
RBPJL,IFNA16,Modified6,0.8050355627186792,0.8555865310422219,0.7584304390717549
RFX6,MRGPRX1,Modified6,0.3947450778013244,0.37078950041171943,0.30995286298869845
RHOXF2,PAX1,Modified6,0.089032583527661,-0.10644911807689121,0.37224072487703397
RNASE12,FEZF1,Modified6,-0.29487190688342835,-0.1766744890951465,-0.4749171486629396
RPA1,NONTARGETING,Modified6,-2.1665900649748515,-2.334112337604267,-2.3148449885424505
RPA2,NONTARGETING,Modified6,-3.1563913667292702,-2.5763890671030856,-2.5602318088735516
RPE65,PANX3,Modified6,-0.04304304126059191,0.24129399718530786,0.2041371378729449
RPL10A,NONTARGETING,Modified6,-3.797193092254546,-3.365109847899955,-3.7865339388054786
RPL11,NONTARGETING,Modified6,-1.897745544328636,-2.286029252287265,-2.404462122978182
RPL12,NONTARGETING,Modified6,-2.4317079184345047,-1.9516793823553429,-2.1473372977410325
RPL13,NONTARGETING,Modified6,-2.6139572764334758,-2.750015548649543,-2.896482502463417
RPL13A,NONTARGETING,Modified6,-4.613194089521841,-3.7622293289115447,-4.911381752269402
RPL14,NONTARGETING,Modified6,-2.633504775625806,-2.643111688526847,-3.080649970686935
RPL18,NONTARGETING,Modified6,-2.194833520756939,-1.7521051351291659,-1.5644874110914393
RPL18A,NONTARGETING,Modified6,-3.1074720841291317,-2.820524451590785,-2.8966021310274273
RPL19,NONTARGETING,Modified6,-2.6657653535151082,-2.690095642593338,-3.1398017865825887
RPL23A,NONTARGETING,Modified6,-2.762844462465697,-2.781155875292302,-3.5319567307564412
RPL24,INTERGENIC,Modified6,-1.6415762066597117,-1.1232686298869952,-1.2817338259679756
RPL26,NONTARGETING,Modified6,-1.6945399139770623,-1.7217199597019461,-2.2760207555570187
RPL27,NONTARGETING,Modified6,-2.768650645377363,-2.078401054468079,-3.1745244112178392
RPL3,NONTARGETING,Modified6,-2.64048488872594,-2.960260147955699,-3.2520600457771507
RPL30,NONTARGETING,Modified6,-3.439801232880807,-3.2562539084174444,-3.1611714835539724
RPL31,NONTARGETING,Modified6,-2.9011723274342742,-2.825967912981273,-3.4031368692437294
RPL32,NONTARGETING,Modified6,-3.9235433219532627,-3.155317887348016,-3.738759726098354
RPL34,NONTARGETING,Modified6,-2.646871678826769,-2.3240883387717863,-2.309715020531627
RPL35,NONTARGETING,Modified6,-1.6418676851147862,-1.2750243011768665,-1.221398771175966
RPL35A,NONTARGETING,Modified6,-2.2215575872712106,-1.9054913207019926,-2.6442325665988733
RPL36,NONTARGETING,Modified6,-3.4402780260002013,-3.3350891967657774,-3.48863216941035
RPL37,NONTARGETING,Modified6,-1.2716773859525219,-1.08708922306811,-0.8083454983895859
RPL37A,INTERGENIC,Modified6,-0.9984572388392755,-1.3819344980205805,-1.48336220989682
RPL38,INTERGENIC,Modified6,-0.5425259427128486,-0.465996306661893,-0.6868107616196842
RPL4,INTERGENIC,Modified6,-4.785692246966942,-3.1790549173823,-3.4686626680251695
RPL6,INTERGENIC,Modified6,-2.7148346780986863,-2.2689964027725953,-2.181248548104429
RPL7,NONTARGETING,Modified6,-4.566626337676926,-4.028628779031373,-4.204851759955489
RPL7A,NONTARGETING,Modified6,-3.2385727964879876,-2.6040461928313436,-2.2598341570095237
RPLP0,NONTARGETING,Modified6,-1.9163630466658577,-2.029371093743474,-1.5634913629586067
RPLP2,NONTARGETING,Modified6,-1.6692339442133703,-1.8948400645925791,-1.7887140954817113
RPN2,NONTARGETING,Modified6,-0.5244482047362897,-0.4941869289859003,-0.6247578770651893
RPP38,NONTARGETING,Modified6,-1.2140504751950056,-1.5956362911899253,-1.9084202345812198
RPP40,NONTARGETING,Modified6,-0.8087413491274227,-0.7460280682453024,-1.130557209379871
RPS11,NONTARGETING,Modified6,-3.3786282715346916,-2.715638091712641,-2.7712938509399363
RPS12,INTERGENIC,Modified6,-0.6919869299927697,-0.5032916524807343,-1.2467781112808827
RPS13,NONTARGETING,Modified6,-3.528790430985761,-2.7686498265160853,-2.9058247265846844
RPS14,INTERGENIC,Modified6,-1.515485429534541,-1.6810925720616066,-2.1211165588821532
RPS15,NONTARGETING,Modified6,-1.9633795986773848,-2.035280647152219,-1.354341593307253
RPS15A,NONTARGETING,Modified6,-1.7292157869543898,-1.829772275124681,-2.355156925023231
RPS18,NONTARGETING,Modified6,-2.907496707664416,-3.308892144424836,-3.14245654636856
RPS19,NONTARGETING,Modified6,-1.3541174084960739,-1.3663898077926764,-1.603981142171208
RPS20,INTERGENIC,Modified6,-5.173986332628029,-3.097979243773734,-3.8895668895589948
RPS24,NONTARGETING,Modified6,0.6963682570491292,0.5639829762175983,0.4952983307654742
RPS25,NONTARGETING,Modified6,-1.624978623952589,-1.932990491586469,-1.4171591022309733
RPS27A,NONTARGETING,Modified6,-3.3019367883142987,-3.4619131114382373,-5.133064622002859
RPS3,INTERGENIC,Modified6,-0.41407880521734514,-0.7481065682270704,-0.6542747728755672
RPS4X,NONTARGETING,Modified6,-3.64731458945106,-4.287094912142802,-3.5723365860737593
RPS5,NONTARGETING,Modified6,-3.1183087344733122,-2.9052082669237462,-3.016698336069196
RPS6,NONTARGETING,Modified6,-5.177220509984656,-3.810360187507399,-4.853241887502744
RPS7,INTERGENIC,Modified6,-1.3837210550844892,-1.0040560826174216,-0.752607947985734
RPS8,INTERGENIC,Modified6,-2.863096828667354,-2.2335426028453687,-2.2895074442074
RPS9,INTERGENIC,Modified6,-2.431511160703675,-2.2873557339037105,-2.7991879913585316
RPSA,NONTARGETING,Modified6,-3.0006848199548823,-2.267678602230372,-3.00397781925129
RRM1,NONTARGETING,Modified6,-2.2528633492558527,-2.5375591580331314,-3.4223711954027816
RTF1,INTERGENIC,Modified6,-1.6358282678200542,-1.043197645418429,-1.181965480400638
RUVBL1,NONTARGETING,Modified6,-2.2845791839103287,-2.197990262884961,-2.3584499302427915
RUVBL2,NONTARGETING,Modified6,-2.7604649131167527,-2.7608887271741436,-2.745034133465978
S100A7A,SPINK14,Modified6,0.5892028124036668,0.37472849255319396,0.5111235361414943
S100G,IFNA4,Modified6,0.8613346786161344,0.775508087686557,0.7518254625615665
SAGE1,EFCAB3,Modified6,0.14551743330350664,0.1684481858780439,0.36764399959696514
SDAD1,NONTARGETING,Modified6,-1.6226759177154402,-1.4878307198743241,-1.5711984887801713
SF3A1,NONTARGETING,Modified6,-2.646241565151491,-2.957580263127422,-4.11897327590772
SF3A2,NONTARGETING,Modified6,-1.5221374235128333,-1.238967243331126,-1.9789352053644607
SF3B2,NONTARGETING,Modified6,-2.9892111585024677,-2.9245090701287455,-3.1546833438476565
SF3B3,NONTARGETING,Modified6,-2.5869407443357506,-2.398382309142275,-2.6029994585001504
SF3B4,NONTARGETING,Modified6,-3.6104250522177335,-4.007487048484755,-4.580969396909239
SF3B5,INTERGENIC,Modified6,-3.7940140820903085,-3.4199450301418066,-3.44023326919584
SLC39A12,NPHS2,Modified6,0.32620116463156146,0.5963157911943879,0.7155429474818629
SMC3,NONTARGETING,Modified6,-2.5194731795088763,-2.680100232146734,-3.0957493133903116
SNRNP200,NONTARGETING,Modified6,-4.049491744989325,-4.763700585063136,-5.128648724899357
SNRNP27,INTERGENIC,Modified6,-0.9384779971439791,-1.1685591803724862,-1.387643153670186
SNRPB,NONTARGETING,Modified6,-3.7092884555784122,-2.89519873815942,-2.879607640770004
SNRPD1,NONTARGETING,Modified6,-2.5560065796723594,-2.8021696162027565,-2.5483798846384316
SNRPD2,NONTARGETING,Modified6,-2.7803379924058333,-2.6818699987214623,-3.002749277474514
SNW1,NONTARGETING,Modified6,-1.1414676354735007,-0.7128550101465605,-1.0093361156653289
SON,NONTARGETING,Modified6,-1.1426708401836168,-0.9210898734254456,-0.6672638620016065
SPINK14,S100A7A,Modified6,0.49916921905550016,0.504185575322885,0.06730294027814021
SRBD1,INTERGENIC,Modified6,-1.5676801448924795,-1.899790443721385,-2.2916566436414327
SRCAP,NONTARGETING,Modified6,-1.7865180189456114,-2.1550581581333184,-2.1899984319494186
SRFBP1,NONTARGETING,Modified6,-1.1860620787525415,-1.3575330376224284,-1.3095136885885887
SRRT,NONTARGETING,Modified6,-1.2247277513895158,-1.601840183378802,-1.8652555615772148
SRSF1,NONTARGETING,Modified6,-2.927727932024543,-3.874726050323031,-3.3635107618128313
SSX3,BPIFC,Modified6,0.04569585647062799,-0.37249466376741486,-0.6060148290667409
STATH,KRTAP19-3,Modified6,0.07762032431464247,-0.14489591466345964,-0.03254331341043716
SUPT5H,NONTARGETING,Modified6,-1.528098727261514,-1.353769364317746,-1.6536937014314508
SUPT6H,NONTARGETING,Modified6,-2.370031898677219,-3.0456899225163907,-2.8541085308239174
SUPV3L1,NONTARGETING,Modified6,-0.23917087887898023,-0.45227844814882845,-0.38549670357582977
TAAR1,TAS2R39,Modified6,0.23821840367927902,0.33738738989718875,0.2571311311978757
TAS2R39,TAAR1,Modified6,0.5634881808758541,0.5498718976847413,0.4616970651866607
TAS2R42,PRB4,Modified6,0.7912719275382943,0.4273977080783998,0.600668150326851
TAS2R43,KRTAP10-4,Modified6,0.6101885116274951,0.8089109936396714,0.7324202294307978
TAS2R46,TMPRSS11F,Modified6,0.6823709136125358,0.7898300689469369,0.6533693625241027
TAS2R50,POU3F4,Modified6,0.3915767725700059,0.7185146599152994,0.7589854320261056
TBCE,NONTARGETING,Modified6,-0.6175001144312554,-0.4332583986810409,-0.28497363792659514
TCERG1,INTERGENIC,Modified6,0.18039244744394545,0.14119506911365975,0.5766065060754002
TCP10L2,ZCCHC13,Modified6,0.3047706956789742,0.6361815713153774,0.5763003595968326
TFAP2D,C1orf146,Modified6,0.44407431474988357,0.3061895170517873,0.6971363005896065
TFIP11,NONTARGETING,Modified6,-0.6862254179334777,-1.0766027111218528,-0.9597170707420544
TGIF2LY,KRTAP4-12,Modified6,0.7839296174432473,0.9485066020810835,0.5678253393921863
TIMM10,NONTARGETING,Modified6,-1.472807915252878,-1.466903282028293,-1.8692623551093948
TMEM225,DAZL,Modified6,0.8556074768063207,0.8633972793275362,0.9609259987755312
TMPRSS11F,TAS2R46,Modified6,0.5945166028873782,0.5242769207925382,0.4650835576519353
TOMM40,NONTARGETING,Modified6,-0.022103466341409694,-0.28686060794000245,-0.23451012903494975
TPTE,TSHB,Modified6,0.06432963514467596,0.06649200500497769,0.06583746926539277
TRIM43,DMRTC2,Modified6,0.43786725034213303,0.1361700925208556,-0.06800809982262562
TRIM48,DEFB129,Modified6,0.3850967139801096,0.33545856204328606,0.16863869328347042
TRIM49,CACNG3,Modified6,-0.05371149480649997,0.1647556755749271,-0.10518449835290347
TSEN2,NONTARGETING,Modified6,0.2483789083880375,0.11294399880137893,0.06209777713962519
TSHB,TPTE,Modified6,0.09677759658798493,-0.13856580625315817,0.0030885556312914564
TSPY1,ANTXRL,Modified6,0.5215680630209902,0.6612288223175313,0.4516834836666548
TUBA1B,NONTARGETING,Modified6,-0.10130910986022804,-0.022936409556414045,-0.05051327125117852
TUBB,NONTARGETING,Modified6,-0.773391513556296,-0.9668290644937627,-0.39463401718151203
TUBGCP2,NONTARGETING,Modified6,-1.3721395981809121,-1.2345369289928008,-1.2548316080702773
U2AF2,NONTARGETING,Modified6,-1.6859322879004326,-2.326538779936194,-2.7457886119977086
UBA1,NONTARGETING,Modified6,-3.213969690687721,-3.0698533908604717,-2.679642836576416
UBB,INTERGENIC,Modified6,0.053060530126367494,0.19957809686759098,0.24627595244202832
USP39,INTERGENIC,Modified6,-2.0017330290388617,-2.4414931448623696,-1.9884476420845347
VCP,NONTARGETING,Modified6,-2.934273619808951,-2.5899830547804097,-2.8366094731370906
WDR12,NONTARGETING,Modified6,-1.9557916951599608,-1.4614901797336561,-2.249604311776454
WDR33,NONTARGETING,Modified6,-3.667862150882244,-2.395359642782757,-3.254013764443318
WFDC11,LIN28A,Modified6,0.3383747005435437,0.47026366527786645,0.5483677164227361
WFDC9,DCAF8L1,Modified6,0.2331111673064774,0.3901638878574611,0.4612581714550603
XAB2,NONTARGETING,Modified6,-1.9711753965546315,-1.744950156727913,-2.208954926315139
XKR7,IL36B,Modified6,0.45613758799984133,0.19436779762762668,0.19629142246867176
YY1,NONTARGETING,Modified6,-0.24119090928979434,-0.37728003113843006,-0.6972988217019598
ZC3H18,INTERGENIC,Modified6,0.059153093977321616,-0.3132249101234964,-0.2105787959737745
ZCCHC13,TCP10L2,Modified6,0.28983032356569277,0.4569122380539082,0.2972796937749004
ZIM3,MRGPRD,Modified6,0.39320135360695757,0.5861352829941767,0.40720093707018373
ZNF207,NONTARGETING,Modified6,-1.767525823977309,-1.0929052969545123,-1.2863167556997366
